{
    "decimal":        "",
    "emptyTable":     "هیچ اطلاعاتی برای این جدول موجود نمی باشد",
    "info":           "نمایش _START_ تا _END_ از _TOTAL_ مورد",
    "infoEmpty":      "نمایش 0 تا 0 از 0 مورد",
    "infoFiltered":   "(فیلتر شده از _MAX_ total مورد)",
    "infoPostFix":    "",
    "thousands":      ",",
    "lengthMenu":     "نمایش _MENU_ مورد",
    "loadingRecords": "در حال بارگذاری...",
    "processing":     "",
    "search":         "جستجو:",
    "zeroRecords":    "هیچ رکوردی مطابق با جستجو یافت نشد",
    "paginate": {
        "first":      "ابتدا",
        "last":       "انتها",
        "next":       "بعدی",
        "previous":   "قبلی"
    },
    "aria": {
        "sortAscending":  ": برای مرتب سازی ستون صعودی فعال کنید",
        "sortDescending": ": برای مرتب کردن ستون به صورت نزولی فعال کنید"
    },
    "reload" : "بارگذاری مجدد"
}
